<?xml version="1.0" encoding="UTF-8"?>
<preferences>
 <debug showDebugMenu="0" />
 <systemtable>
  <columns>
   <connections preferredWidth="175" />
   <irq preferredWidth="34" />
   <name preferredWidth="185" />
  </columns>
 </systemtable>
 <clocktable>
  <columns>
   <clockname preferredWidth="548" />
   <clocksource preferredWidth="547" />
   <frequency preferredWidth="529" />
  </columns>
 </clocktable>
 <library
   expandedCategories="Library,Library/University Program,Library/University Program/Generic IO,Library/Peripherals,Project,Library/Peripherals/Microcontroller Peripherals" />
 <window width="1938" height="1098" x="-9" y="-9" />
 <hdlexample language="VHDL" />
 <generation synthesis="VHDL" />
</preferences>
